Chang Ching Wei,	a/changchingwei.jpg
Kong Chock Heng,	a/kongchockheng.jpg
Ramaraj Sundraraj,	a/ramarajsundraraj.jpg
Alex Tan,	a/alextan.jpg
Muhd Adham Abdullah,	a/muhdadhamabdullah.jpg
Mohd Ali Ismail,	a/mohdaliismail.jpg
Azmil Aziz,	a/azmilaziz.jpg
Krishna Kumar,	a/krishnakumar.jpg
Nathan Tan Rui Ern,	a/nathantanruiern.jpg
Vyasa Dheva,	a/vyasadheva.jpg
Rehdy Khairil,	a/rehdykhairil.jpg
Alexis Koh Qiian,	a/alexiskohqiian.jpg
Wong Soon Jie,	a/wongsoonjie.jpg
Tashwin Engad Ravana,	a/tashwinengadravana.jpg
Cheah Kim Tarh,	a/cheahkimtarh.jpg
Cecilia Khoo,	a/ceciliakhoo.jpg
Noelle Chou Kit Yue,	a/noellechoukityue.jpg
Alexa Koh Qiien,	a/alexakohqiien.jpg
Nor Diana Md Ashar,	a/nordianamdashar.jpg
Rachel Decruz,	a/racheldecruz.jpg